Id;Firstname;Lastname;Company;Age;Start Date;Email;Phone No.
1;Caroline;Jensen;POLARAX;39;28/05/2004;carolinejensen@zidant.com;+1 (821) 447-3782
2;Celeste;Grant;MANGLO;32;19/11/1989;celestegrant@polarax.com;+1 (838) 515-3408
3;Tillman;Forbes;APPLIDECK;26;05/09/2016;tillmanforbes@manglo.com;+1 (969) 496-2892
4;Daisy;Whitley;VOLAX;21;23/03/1987;daisywhitley@applideck.com;+1 (861) 564-2877
5;Weber;Bowman;ORBAXTER;26;24/02/1983;weberbowman@volax.com;+1 (962) 466-3483
6;Buckley;Townsend;OPPORTECH;40;29/05/2011;buckleytownsend@orbaxter.com;+1 (884) 595-2643
7;Latoya;Bradshaw;GORGANIC;24;23/11/2010;latoyabradshaw@opportech.com;+1 (906) 474-3155
8;Kate;Lindsay;AVIT;24;02/07/1987;katelindsay@gorganic.com;+1 (930) 546-2952
9;Marva;Sandoval;QUILCH;28;02/11/2010;marvasandoval@avit.com;+1 (927) 566-3600
10;Decker;Russell;MEMORA;27;21/04/1994;deckerrussell@quilch.com;+1 (846) 535-3283
11;Odom;Mills;ZORROMOP;34;24/01/2010;odommills@memora.com;+1 (995) 525-3402
12;Sellers;Walters;ORBOID;28;12/11/1975;sellerswalters@zorromop.com;+1 (830) 430-3157
13;Wendi;Powers;SNORUS;31;02/06/1979;wendipowers@orboid.com;+1 (863) 457-2088
14;Sophie;Horn;XTH;22;20/09/2018;sophiehorn@snorus.com;+1 (885) 418-3948
15;Levine;Rodriquez;COMTRACT;27;08/02/1973;levinerodriquez@xth.com;+1 (999) 565-3239
16;Little;Hatfield;ZIDANT;33;03/01/2012;littlehatfield@comtract.com;+1 (812) 488-3011
17;Larson;Kelly;SUREPLEX;20;14/06/2010;larsonkelly@zidant.com;+1 (892) 484-2162
18;Kendra;Molina;DANJA;31;19/07/2002;kendramolina@sureplex.com;+1 (920) 528-3330
19;Ebony;Livingston;EURON;33;18/10/1994;ebonylivingston@danja.com;+1 (970) 591-3039
20;Kaufman;Rush;ILLUMITY;39;10/07/2011;kaufmanrush@euron.com;+1 (924) 463-2934
21;Frank;Hays;SYBIXTEX;31;15/06/2005;frankhays@illumity.com;+1 (930) 577-2670
22;Carmella;Mccarty;ZEDALIS;21;06/03/1980;carmellamccarty@sybixtex.com;+1 (876) 456-3218
23;Massey;Owen;DYNO;40;01/03/2012;masseyowen@zedalis.com;+1 (917) 567-3786
24;Lottie;Lowery;MULTIFLEX;36;10/10/1982;lottielowery@dyno.com;+1 (912) 539-3498
25;Addie;Luna;PHARMACON;32;01/05/1988;addieluna@multiflex.com;+1 (962) 537-2981